"Data Source","World Development Indicators",

"Last Updated Date","2025-07-01",

"Country Name","Country Code","Indicator Name","Indicator Code","1960","1961","1962","1963","1964","1965","1966","1967","1968","1969","1970","1971","1972","1973","1974","1975","1976","1977","1978","1979","1980","1981","1982","1983","1984","1985","1986","1987","1988","1989","1990","1991","1992","1993","1994","1995","1996","1997","1998","1999","2000","2001","2002","2003","2004","2005","2006","2007","2008","2009","2010","2011","2012","2013","2014","2015","2016","2017","2018","2019","2020","2021","2022","2023","2024",
"Aruba","ABW","Vitamin A supplementation coverage rate (% of children ages 6-59 months)","SN.ITK.VITA.ZS","","","","","","","","","","","","","","","","","","","","","","","","","","","","","","","","","","","","","","","","","","","","","","","","","","","","","","","","","","","","","","","","","",
"Africa Eastern and Southern","AFE","Vitamin A supplementation coverage rate (% of children ages 6-59 months)","SN.ITK.VITA.ZS","","","","","","","","","","","","","","","","","","","","","","","","","","","","","","","","","","","","","","","","","10.2053945828709","19.2338039228665","","","38.0255213763016","66.4929235365936","71.3328162986952","72.2112569327533","76.0706805030317","80.7091489108764","76.6311047117425","71.7536320844342","62.6316269590915","65.8121713570791","70.3355380689856","70.3383270719357","63.5574878529138","47.9201346683112","60.4689332242947","55.0424626130947","42.894816496075","62.4334002554362","65.1339510062055","","",
"Afghanistan","AFG","Vitamin A supplementation coverage rate (% of children ages 6-59 months)","SN.ITK.VITA.ZS","","","","","","","","","","","","","","","","","","","","","","","","","","","","","","","","","","","","","","","","","58","76","94","71","95","91","84","92","96","95","96","99","","97","95","98","90","95","93","51","0","58","0","","",
"Africa Western and Central","AFW","Vitamin A supplementation coverage rate (% of children ages 6-59 months)","SN.ITK.VITA.ZS","","","","","","","","","","","","","","","","","","","","","","","","","","","","","","","","","","","","","","","","","19.4951652737331","56.1096574032113","41.0857900146018","27.1354661503758","66.630876906941","64.6699796844477","67.3587476849142","61.1226313943021","33.4727283090692","83.0101250852311","91.9939139668679","81.1440725547534","79.5298022063623","79.1697287372102","79.2469103637404","74.4602828649372","55.8084398276031","63.8986932292067","71.0961458629613","65.5852048759842","23.9277946802261","62.8082246990463","67.6311054065474","","",
"Angola","AGO","Vitamin A supplementation coverage rate (% of children ages 6-59 months)","SN.ITK.VITA.ZS","","","","","","","","","","","","","","","","","","","","","","","","","","","","","","","","","","","","","","","","","","","64","68","7","65","80","36","82","28","28","55","44","48","6","14","","3","4","5","7","","","","",
"Albania","ALB","Vitamin A supplementation coverage rate (% of children ages 6-59 months)","SN.ITK.VITA.ZS","","","","","","","","","","","","","","","","","","","","","","","","","","","","","","","","","","","","","","","","","","","","","","","","","","","","","","","","","","","","","","","","","",
"Andorra","AND","Vitamin A supplementation coverage rate (% of children ages 6-59 months)","SN.ITK.VITA.ZS","","","","","","","","","","","","","","","","","","","","","","","","","","","","","","","","","","","","","","","","","","","","","","","","","","","","","","","","","","","","","","","","","",
"Arab World","ARB","Vitamin A supplementation coverage rate (% of children ages 6-59 months)","SN.ITK.VITA.ZS","","","","","","","","","","","","","","","","","","","","","","","","","","","","","","","","","","","","","","","","","","","","","","","","","","","","","","","","","","","","","","","","","",
"United Arab Emirates","ARE","Vitamin A supplementation coverage rate (% of children ages 6-59 months)","SN.ITK.VITA.ZS","","","","","","","","","","","","","","","","","","","","","","","","","","","","","","","","","","","","","","","","","","","","","","","","","","","","","","","","","","","","","","","","","",
"Argentina","ARG","Vitamin A supplementation coverage rate (% of children ages 6-59 months)","SN.ITK.VITA.ZS","","","","","","","","","","","","","","","","","","","","","","","","","","","","","","","","","","","","","","","","","","","","","","","","","","","","","","","","","","","","","","","","","",
"Armenia","ARM","Vitamin A supplementation coverage rate (% of children ages 6-59 months)","SN.ITK.VITA.ZS","","","","","","","","","","","","","","","","","","","","","","","","","","","","","","","","","","","","","","","","","","","","","","","","","","","","","","","","","","","","","","","","","",
"American Samoa","ASM","Vitamin A supplementation coverage rate (% of children ages 6-59 months)","SN.ITK.VITA.ZS","","","","","","","","","","","","","","","","","","","","","","","","","","","","","","","","","","","","","","","","","","","","","","","","","","","","","","","","","","","","","","","","","",
"Antigua and Barbuda","ATG","Vitamin A supplementation coverage rate (% of children ages 6-59 months)","SN.ITK.VITA.ZS","","","","","","","","","","","","","","","","","","","","","","","","","","","","","","","","","","","","","","","","","","","","","","","","","","","","","","","","","","","","","","","","","",
"Australia","AUS","Vitamin A supplementation coverage rate (% of children ages 6-59 months)","SN.ITK.VITA.ZS","","","","","","","","","","","","","","","","","","","","","","","","","","","","","","","","","","","","","","","","","","","","","","","","","","","","","","","","","","","","","","","","","",
"Austria","AUT","Vitamin A supplementation coverage rate (% of children ages 6-59 months)","SN.ITK.VITA.ZS","","","","","","","","","","","","","","","","","","","","","","","","","","","","","","","","","","","","","","","","","","","","","","","","","","","","","","","","","","","","","","","","","",
"Azerbaijan","AZE","Vitamin A supplementation coverage rate (% of children ages 6-59 months)","SN.ITK.VITA.ZS","","","","","","","","","","","","","","","","","","","","","","","","","","","","","","","","","","","","","","","","","","","","","","","","","","","","","","","","","","","","","","","","","",
"Burundi","BDI","Vitamin A supplementation coverage rate (% of children ages 6-59 months)","SN.ITK.VITA.ZS","","","","","","","","","","","","","","","","","","","","","","","","","","","","","","","","","","","","","","","","","0","0","","","16","7","76","83","80","90","73","72","86","75","69","71","78","79","89","85","92","81","9","","",
"Belgium","BEL","Vitamin A supplementation coverage rate (% of children ages 6-59 months)","SN.ITK.VITA.ZS","","","","","","","","","","","","","","","","","","","","","","","","","","","","","","","","","","","","","","","","","","","","","","","","","","","","","","","","","","","","","","","","","",
"Benin","BEN","Vitamin A supplementation coverage rate (% of children ages 6-59 months)","SN.ITK.VITA.ZS","","","","","","","","","","","","","","","","","","","","","","","","","","","","","","","","","","","","","","","","","0","0","85","95","89","92","87","73","52","56","99","98","99","99","99","95","94","99","0","56","7","80","4","","",
"Burkina Faso","BFA","Vitamin A supplementation coverage rate (% of children ages 6-59 months)","SN.ITK.VITA.ZS","","","","","","","","","","","","","","","","","","","","","","","","","","","","","","","","","","","","","","","","","10","62","91","66","99","99","99","73","97","99","99","87","99","99","98","99","99","0","99","98","97","99","95","","",
"Bangladesh","BGD","Vitamin A supplementation coverage rate (% of children ages 6-59 months)","SN.ITK.VITA.ZS","","","","","","","","","","","","","","","","","","","","","","","","","","","","","","","","","","","","","","","","","85","89","81","87","83","82","89","94","97","91","0","0","94","97","0","99","99","99","0","99","97","96","0","","",
"Bulgaria","BGR","Vitamin A supplementation coverage rate (% of children ages 6-59 months)","SN.ITK.VITA.ZS","","","","","","","","","","","","","","","","","","","","","","","","","","","","","","","","","","","","","","","","","","","","","","","","","","","","","","","","","","","","","","","","","",
"Bahrain","BHR","Vitamin A supplementation coverage rate (% of children ages 6-59 months)","SN.ITK.VITA.ZS","","","","","","","","","","","","","","","","","","","","","","","","","","","","","","","","","","","","","","","","","","","","","","","","","","","","","","","","","","","","","","","","","",
"Bahamas, The","BHS","Vitamin A supplementation coverage rate (% of children ages 6-59 months)","SN.ITK.VITA.ZS","","","","","","","","","","","","","","","","","","","","","","","","","","","","","","","","","","","","","","","","","","","","","","","","","","","","","","","","","","","","","","","","","",
"Bosnia and Herzegovina","BIH","Vitamin A supplementation coverage rate (% of children ages 6-59 months)","SN.ITK.VITA.ZS","","","","","","","","","","","","","","","","","","","","","","","","","","","","","","","","","","","","","","","","","","","","","","","","","","","","","","","","","","","","","","","","","",
"Belarus","BLR","Vitamin A supplementation coverage rate (% of children ages 6-59 months)","SN.ITK.VITA.ZS","","","","","","","","","","","","","","","","","","","","","","","","","","","","","","","","","","","","","","","","","","","","","","","","","","","","","","","","","","","","","","","","","",
"Belize","BLZ","Vitamin A supplementation coverage rate (% of children ages 6-59 months)","SN.ITK.VITA.ZS","","","","","","","","","","","","","","","","","","","","","","","","","","","","","","","","","","","","","","","","","","","","","","","","","","","","","","","","","","","","","","","","","",
"Bermuda","BMU","Vitamin A supplementation coverage rate (% of children ages 6-59 months)","SN.ITK.VITA.ZS","","","","","","","","","","","","","","","","","","","","","","","","","","","","","","","","","","","","","","","","","","","","","","","","","","","","","","","","","","","","","","","","","",
"Bolivia","BOL","Vitamin A supplementation coverage rate (% of children ages 6-59 months)","SN.ITK.VITA.ZS","","","","","","","","","","","","","","","","","","","","","","","","","","","","","","","","","","","","","","","","","27","40","35","36","42","39","41","","45","45","24","21","41","40","","","52","31","54","37","31","32","0","","",
"Brazil","BRA","Vitamin A supplementation coverage rate (% of children ages 6-59 months)","SN.ITK.VITA.ZS","","","","","","","","","","","","","","","","","","","","","","","","","","","","","","","","","","","","","","","","","","","","","","","","","","","","","","","","","","","","","","","","","",
"Barbados","BRB","Vitamin A supplementation coverage rate (% of children ages 6-59 months)","SN.ITK.VITA.ZS","","","","","","","","","","","","","","","","","","","","","","","","","","","","","","","","","","","","","","","","","","","","","","","","","","","","","","","","","","","","","","","","","",
"Brunei Darussalam","BRN","Vitamin A supplementation coverage rate (% of children ages 6-59 months)","SN.ITK.VITA.ZS","","","","","","","","","","","","","","","","","","","","","","","","","","","","","","","","","","","","","","","","","","","","","","","","","","","","","","","","","","","","","","","","","",
"Bhutan","BTN","Vitamin A supplementation coverage rate (% of children ages 6-59 months)","SN.ITK.VITA.ZS","","","","","","","","","","","","","","","","","","","","","","","","","","","","","","","","","","","","","","","","","","","","","","","","","","","","","","","","","","","","","","","","","",
"Botswana","BWA","Vitamin A supplementation coverage rate (% of children ages 6-59 months)","SN.ITK.VITA.ZS","","","","","","","","","","","","","","","","","","","","","","","","","","","","","","","","","","","","","","","","","","","","","31","","15","","","97","81","75","","71","70","57","75","83","86","69","","64","0","","",
"Central African Republic","CAF","Vitamin A supplementation coverage rate (% of children ages 6-59 months)","SN.ITK.VITA.ZS","","","","","","","","","","","","","","","","","","","","","","","","","","","","","","","","","","","","","","","","","1","3","","","","76","8","78","68","87","0","0","83","40","34","3","2","0","35","","","46","","","",
"Canada","CAN","Vitamin A supplementation coverage rate (% of children ages 6-59 months)","SN.ITK.VITA.ZS","","","","","","","","","","","","","","","","","","","","","","","","","","","","","","","","","","","","","","","","","","","","","","","","","","","","","","","","","","","","","","","","","",
"Central Europe and the Baltics","CEB","Vitamin A supplementation coverage rate (% of children ages 6-59 months)","SN.ITK.VITA.ZS","","","","","","","","","","","","","","","","","","","","","","","","","","","","","","","","","","","","","","","","","","","","","","","","","","","","","","","","","","","","","","","","","",
"Switzerland","CHE","Vitamin A supplementation coverage rate (% of children ages 6-59 months)","SN.ITK.VITA.ZS","","","","","","","","","","","","","","","","","","","","","","","","","","","","","","","","","","","","","","","","","","","","","","","","","","","","","","","","","","","","","","","","","",
"Channel Islands","CHI","Vitamin A supplementation coverage rate (% of children ages 6-59 months)","SN.ITK.VITA.ZS","","","","","","","","","","","","","","","","","","","","","","","","","","","","","","","","","","","","","","","","","","","","","","","","","","","","","","","","","","","","","","","","","",
"Chile","CHL","Vitamin A supplementation coverage rate (% of children ages 6-59 months)","SN.ITK.VITA.ZS","","","","","","","","","","","","","","","","","","","","","","","","","","","","","","","","","","","","","","","","","","","","","","","","","","","","","","","","","","","","","","","","","",
"China","CHN","Vitamin A supplementation coverage rate (% of children ages 6-59 months)","SN.ITK.VITA.ZS","","","","","","","","","","","","","","","","","","","","","","","","","","","","","","","","","","","","","","","","","","","","","","","","","","","","","","","","","","","","","","","","","",
"Cote d'Ivoire","CIV","Vitamin A supplementation coverage rate (% of children ages 6-59 months)","SN.ITK.VITA.ZS","","","","","","","","","","","","","","","","","","","","","","","","","","","","","","","","","","","","","","","","","","0","0","","0","88","78","4","90","88","99","99","99","99","99","72","0","94","84","80","89","85","72","","",
"Cameroon","CMR","Vitamin A supplementation coverage rate (% of children ages 6-59 months)","SN.ITK.VITA.ZS","","","","","","","","","","","","","","","","","","","","","","","","","","","","","","","","","","","","","","","","","0","0","4","7","15","96","92","48","","94","89","98","88","99","96","99","55","9","47","87","14","85","87","","",
"Congo, Dem. Rep.","COD","Vitamin A supplementation coverage rate (% of children ages 6-59 months)","SN.ITK.VITA.ZS","","","","","","","","","","","","","","","","","","","","","","","","","","","","","","","","","","","","","","","","","0","12","62","72","70","87","91","79","85","89","83","98","84","98","99","94","44","1","78","74","60","56","91","","",
"Congo, Rep.","COG","Vitamin A supplementation coverage rate (% of children ages 6-59 months)","SN.ITK.VITA.ZS","","","","","","","","","","","","","","","","","","","","","","","","","","","","","","","","","","","","","","","","","0","0","","0","6","8","79","0","8","8","84","","","","99","99","48","12","8","79","","8","6","","",
"Colombia","COL","Vitamin A supplementation coverage rate (% of children ages 6-59 months)","SN.ITK.VITA.ZS","","","","","","","","","","","","","","","","","","","","","","","","","","","","","","","","","","","","","","","","","","","","","","","","","","","","","","","","","","","","","","","","","",
"Comoros","COM","Vitamin A supplementation coverage rate (% of children ages 6-59 months)","SN.ITK.VITA.ZS","","","","","","","","","","","","","","","","","","","","","","","","","","","","","","","","","","","","","","","","","","","","","7","","","","20","40","18","","","","14","12","17","21","11","78","23","10","16","","",
"Cabo Verde","CPV","Vitamin A supplementation coverage rate (% of children ages 6-59 months)","SN.ITK.VITA.ZS","","","","","","","","","","","","","","","","","","","","","","","","","","","","","","","","","","","","","","","","","","","","","","","","","","","","","","","","","","","","","","","","","",
"Costa Rica","CRI","Vitamin A supplementation coverage rate (% of children ages 6-59 months)","SN.ITK.VITA.ZS","","","","","","","","","","","","","","","","","","","","","","","","","","","","","","","","","","","","","","","","","","","","","","","","","","","","","","","","","","","","","","","","","",
"Caribbean small states","CSS","Vitamin A supplementation coverage rate (% of children ages 6-59 months)","SN.ITK.VITA.ZS","","","","","","","","","","","","","","","","","","","","","","","","","","","","","","","","","","","","","","","","","","","","","","","","","","","","","","","","","","","","","","","","","",
"Cuba","CUB","Vitamin A supplementation coverage rate (% of children ages 6-59 months)","SN.ITK.VITA.ZS","","","","","","","","","","","","","","","","","","","","","","","","","","","","","","","","","","","","","","","","","","","","","","","","","","","","","","","","","","","","","","","","","",
"Curacao","CUW","Vitamin A supplementation coverage rate (% of children ages 6-59 months)","SN.ITK.VITA.ZS","","","","","","","","","","","","","","","","","","","","","","","","","","","","","","","","","","","","","","","","","","","","","","","","","","","","","","","","","","","","","","","","","",
"Cayman Islands","CYM","Vitamin A supplementation coverage rate (% of children ages 6-59 months)","SN.ITK.VITA.ZS","","","","","","","","","","","","","","","","","","","","","","","","","","","","","","","","","","","","","","","","","","","","","","","","","","","","","","","","","","","","","","","","","",
"Cyprus","CYP","Vitamin A supplementation coverage rate (% of children ages 6-59 months)","SN.ITK.VITA.ZS","","","","","","","","","","","","","","","","","","","","","","","","","","","","","","","","","","","","","","","","","","","","","","","","","","","","","","","","","","","","","","","","","",
"Czechia","CZE","Vitamin A supplementation coverage rate (% of children ages 6-59 months)","SN.ITK.VITA.ZS","","","","","","","","","","","","","","","","","","","","","","","","","","","","","","","","","","","","","","","","","","","","","","","","","","","","","","","","","","","","","","","","","",
"Germany","DEU","Vitamin A supplementation coverage rate (% of children ages 6-59 months)","SN.ITK.VITA.ZS","","","","","","","","","","","","","","","","","","","","","","","","","","","","","","","","","","","","","","","","","","","","","","","","","","","","","","","","","","","","","","","","","",
"Djibouti","DJI","Vitamin A supplementation coverage rate (% of children ages 6-59 months)","SN.ITK.VITA.ZS","","","","","","","","","","","","","","","","","","","","","","","","","","","","","","","","","","","","","","","","","","","","9","","0","15","94","86","94","95","95","88","66","","72","78","","","0","","","","","",
"Dominica","DMA","Vitamin A supplementation coverage rate (% of children ages 6-59 months)","SN.ITK.VITA.ZS","","","","","","","","","","","","","","","","","","","","","","","","","","","","","","","","","","","","","","","","","","","","","","","","","","","","","","","","","","","","","","","","","",
"Denmark","DNK","Vitamin A supplementation coverage rate (% of children ages 6-59 months)","SN.ITK.VITA.ZS","","","","","","","","","","","","","","","","","","","","","","","","","","","","","","","","","","","","","","","","","","","","","","","","","","","","","","","","","","","","","","","","","",
"Dominican Republic","DOM","Vitamin A supplementation coverage rate (% of children ages 6-59 months)","SN.ITK.VITA.ZS","","","","","","","","","","","","","","","","","","","","","","","","","","","","","","","","","","","","","","","","","","","","","","","","","","","","","","","","","","","","","","","","","",
"Algeria","DZA","Vitamin A supplementation coverage rate (% of children ages 6-59 months)","SN.ITK.VITA.ZS","","","","","","","","","","","","","","","","","","","","","","","","","","","","","","","","","","","","","","","","","","","","","","","","","","","","","","","","","","","","","","","","","",
"East Asia & Pacific (excluding high income)","EAP","Vitamin A supplementation coverage rate (% of children ages 6-59 months)","SN.ITK.VITA.ZS","","","","","","","","","","","","","","","","","","","","","","","","","","","","","","","","","","","","","","","","","","","","","","","","","","","","","","","","","","","","","","","","","",
"Early-demographic dividend","EAR","Vitamin A supplementation coverage rate (% of children ages 6-59 months)","SN.ITK.VITA.ZS","","","","","","","","","","","","","","","","","","","","","","","","","","","","","","","","","","","","","","","","","","","","","48.7763792741485","60.9780302484884","48.9703061896187","","68.4775386176056","75.178387919407","48.7320655318688","60.9409986816273","63.1515933088408","55.4192308453559","62.7681186451763","","62.5974016031548","","","","47.3150531152121","","","","",
"East Asia & Pacific","EAS","Vitamin A supplementation coverage rate (% of children ages 6-59 months)","SN.ITK.VITA.ZS","","","","","","","","","","","","","","","","","","","","","","","","","","","","","","","","","","","","","","","","","","","","","","","","","","","","","","","","","","","","","","","","","",
"Europe & Central Asia (excluding high income)","ECA","Vitamin A supplementation coverage rate (% of children ages 6-59 months)","SN.ITK.VITA.ZS","","","","","","","","","","","","","","","","","","","","","","","","","","","","","","","","","","","","","","","","","","","","","","","","","","","","","","","","","","","","","","","","","",
"Europe & Central Asia","ECS","Vitamin A supplementation coverage rate (% of children ages 6-59 months)","SN.ITK.VITA.ZS","","","","","","","","","","","","","","","","","","","","","","","","","","","","","","","","","","","","","","","","","","","","","","","","","","","","","","","","","","","","","","","","","",
"Ecuador","ECU","Vitamin A supplementation coverage rate (% of children ages 6-59 months)","SN.ITK.VITA.ZS","","","","","","","","","","","","","","","","","","","","","","","","","","","","","","","","","","","","","","","","","","","","","","","","","","","","","","","","","","","","","","","","","",
"Egypt, Arab Rep.","EGY","Vitamin A supplementation coverage rate (% of children ages 6-59 months)","SN.ITK.VITA.ZS","","","","","","","","","","","","","","","","","","","","","","","","","","","","","","","","","","","","","","","","","","","","","","","","","","","","","","","","","","","","","","","","","",
"Euro area","EMU","Vitamin A supplementation coverage rate (% of children ages 6-59 months)","SN.ITK.VITA.ZS","","","","","","","","","","","","","","","","","","","","","","","","","","","","","","","","","","","","","","","","","","","","","","","","","","","","","","","","","","","","","","","","","",
"Eritrea","ERI","Vitamin A supplementation coverage rate (% of children ages 6-59 months)","SN.ITK.VITA.ZS","","","","","","","","","","","","","","","","","","","","","","","","","","","","","","","","","","","","","","","","","","39","34","","0","46","50","46","45","42","39","39","38","36","49","51","","","36","","","78","","","",
"Spain","ESP","Vitamin A supplementation coverage rate (% of children ages 6-59 months)","SN.ITK.VITA.ZS","","","","","","","","","","","","","","","","","","","","","","","","","","","","","","","","","","","","","","","","","","","","","","","","","","","","","","","","","","","","","","","","","",
"Estonia","EST","Vitamin A supplementation coverage rate (% of children ages 6-59 months)","SN.ITK.VITA.ZS","","","","","","","","","","","","","","","","","","","","","","","","","","","","","","","","","","","","","","","","","","","","","","","","","","","","","","","","","","","","","","","","","",
"Ethiopia","ETH","Vitamin A supplementation coverage rate (% of children ages 6-59 months)","SN.ITK.VITA.ZS","","","","","","","","","","","","","","","","","","","","","","","","","","","","","","","","","","","","","","","","","0","0","","22","0","58","80","86","88","84","84","71","31","79","71","74","79","77","48","58","66","73","68","","",
"European Union","EUU","Vitamin A supplementation coverage rate (% of children ages 6-59 months)","SN.ITK.VITA.ZS","","","","","","","","","","","","","","","","","","","","","","","","","","","","","","","","","","","","","","","","","","","","","","","","","","","","","","","","","","","","","","","","","",
"Fragile and conflict affected situations","FCS","Vitamin A supplementation coverage rate (% of children ages 6-59 months)","SN.ITK.VITA.ZS","","","","","","","","","","","","","","","","","","","","","","","","","","","","","","","","","","","","","","","","","12.8829826629236","38.1727035526677","","31.6954737959482","","58.0918791685931","70.6339559718806","67.7825628057207","57.3118986063101","81.4654838973758","81.983242556283","75.5489889601506","67.6779369728927","76.1289200138013","78.9961324564052","77.3897878207968","62.5826956030627","53.8958338742929","65.1186016171118","59.7294478651066","30.1378056329253","57.1488872013513","62.5760265185831","","",
"Finland","FIN","Vitamin A supplementation coverage rate (% of children ages 6-59 months)","SN.ITK.VITA.ZS","","","","","","","","","","","","","","","","","","","","","","","","","","","","","","","","","","","","","","","","","","","","","","","","","","","","","","","","","","","","","","","","","",
"Fiji","FJI","Vitamin A supplementation coverage rate (% of children ages 6-59 months)","SN.ITK.VITA.ZS","","","","","","","","","","","","","","","","","","","","","","","","","","","","","","","","","","","","","","","","","","","","","","","","","","","","","","","","","","","","","","","","","",
"France","FRA","Vitamin A supplementation coverage rate (% of children ages 6-59 months)","SN.ITK.VITA.ZS","","","","","","","","","","","","","","","","","","","","","","","","","","","","","","","","","","","","","","","","","","","","","","","","","","","","","","","","","","","","","","","","","",
"Faroe Islands","FRO","Vitamin A supplementation coverage rate (% of children ages 6-59 months)","SN.ITK.VITA.ZS","","","","","","","","","","","","","","","","","","","","","","","","","","","","","","","","","","","","","","","","","","","","","","","","","","","","","","","","","","","","","","","","","",
"Micronesia, Fed. Sts.","FSM","Vitamin A supplementation coverage rate (% of children ages 6-59 months)","SN.ITK.VITA.ZS","","","","","","","","","","","","","","","","","","","","","","","","","","","","","","","","","","","","","","","","","","","","","","","","","","","","","","","","","","","","","","","","","",
"Gabon","GAB","Vitamin A supplementation coverage rate (% of children ages 6-59 months)","SN.ITK.VITA.ZS","","","","","","","","","","","","","","","","","","","","","","","","","","","","","","","","","","","","","","","","","0","0","0","0","","","0","0","0","0","1","","2","","","","","0","0","0","","0","0","","",
"United Kingdom","GBR","Vitamin A supplementation coverage rate (% of children ages 6-59 months)","SN.ITK.VITA.ZS","","","","","","","","","","","","","","","","","","","","","","","","","","","","","","","","","","","","","","","","","","","","","","","","","","","","","","","","","","","","","","","","","",
"Georgia","GEO","Vitamin A supplementation coverage rate (% of children ages 6-59 months)","SN.ITK.VITA.ZS","","","","","","","","","","","","","","","","","","","","","","","","","","","","","","","","","","","","","","","","","","","","","","","","","","","","","","","","","","","","","","","","","",
"Ghana","GHA","Vitamin A supplementation coverage rate (% of children ages 6-59 months)","SN.ITK.VITA.ZS","","","","","","","","","","","","","","","","","","","","","","","","","","","","","","","","","","","","","","","","","89","99","99","99","50","96","26","77","24","90","93","94","17","96","23","28","33","50","45","29","31","35","41","","",
"Gibraltar","GIB","Vitamin A supplementation coverage rate (% of children ages 6-59 months)","SN.ITK.VITA.ZS","","","","","","","","","","","","","","","","","","","","","","","","","","","","","","","","","","","","","","","","","","","","","","","","","","","","","","","","","","","","","","","","","",
"Guinea","GIN","Vitamin A supplementation coverage rate (% of children ages 6-59 months)","SN.ITK.VITA.ZS","","","","","","","","","","","","","","","","","","","","","","","","","","","","","","","","","","","","","","","","","0","75","94","88","99","99","93","94","94","97","97","88","99","","","69","","64","82","97","97","96","97","","",
"Gambia, The","GMB","Vitamin A supplementation coverage rate (% of children ages 6-59 months)","SN.ITK.VITA.ZS","","","","","","","","","","","","","","","","","","","","","","","","","","","","","","","","","","","","","","","","","0","0","0","","","17","59","82","28","","99","93","46","","27","27","27","32","30","33","33","26","24","","",
"Guinea-Bissau","GNB","Vitamin A supplementation coverage rate (% of children ages 6-59 months)","SN.ITK.VITA.ZS","","","","","","","","","","","","","","","","","","","","","","","","","","","","","","","","","","","","","","","","","0","0","0","0","44","0","77","86","92","93","99","99","95","97","98","87","","95","0","0","0","0","77","","",
"Equatorial Guinea","GNQ","Vitamin A supplementation coverage rate (% of children ages 6-59 months)","SN.ITK.VITA.ZS","","","","","","","","","","","","","","","","","","","","","","","","","","","","","","","","","","","","","","","","","","","","","","","","","","","","","","","","","","5","7","8","5","5","7","","",
"Greece","GRC","Vitamin A supplementation coverage rate (% of children ages 6-59 months)","SN.ITK.VITA.ZS","","","","","","","","","","","","","","","","","","","","","","","","","","","","","","","","","","","","","","","","","","","","","","","","","","","","","","","","","","","","","","","","","",
"Grenada","GRD","Vitamin A supplementation coverage rate (% of children ages 6-59 months)","SN.ITK.VITA.ZS","","","","","","","","","","","","","","","","","","","","","","","","","","","","","","","","","","","","","","","","","","","","","","","","","","","","","","","","","","","","","","","","","",
"Greenland","GRL","Vitamin A supplementation coverage rate (% of children ages 6-59 months)","SN.ITK.VITA.ZS","","","","","","","","","","","","","","","","","","","","","","","","","","","","","","","","","","","","","","","","","","","","","","","","","","","","","","","","","","","","","","","","","",
"Guatemala","GTM","Vitamin A supplementation coverage rate (% of children ages 6-59 months)","SN.ITK.VITA.ZS","","","","","","","","","","","","","","","","","","","","","","","","","","","","","","","","","","","","","","","","","","","","","","","","","","","","","","","","","","","","","","","","","",
"Guam","GUM","Vitamin A supplementation coverage rate (% of children ages 6-59 months)","SN.ITK.VITA.ZS","","","","","","","","","","","","","","","","","","","","","","","","","","","","","","","","","","","","","","","","","","","","","","","","","","","","","","","","","","","","","","","","","",
"Guyana","GUY","Vitamin A supplementation coverage rate (% of children ages 6-59 months)","SN.ITK.VITA.ZS","","","","","","","","","","","","","","","","","","","","","","","","","","","","","","","","","","","","","","","","","","","","","","","","","","","","","","","","","","","","","","","","","",
"High income","HIC","Vitamin A supplementation coverage rate (% of children ages 6-59 months)","SN.ITK.VITA.ZS","","","","","","","","","","","","","","","","","","","","","","","","","","","","","","","","","","","","","","","","","","","","","","","","","","","","","","","","","","","","","","","","","",
"Hong Kong SAR, China","HKG","Vitamin A supplementation coverage rate (% of children ages 6-59 months)","SN.ITK.VITA.ZS","","","","","","","","","","","","","","","","","","","","","","","","","","","","","","","","","","","","","","","","","","","","","","","","","","","","","","","","","","","","","","","","","",
"Honduras","HND","Vitamin A supplementation coverage rate (% of children ages 6-59 months)","SN.ITK.VITA.ZS","","","","","","","","","","","","","","","","","","","","","","","","","","","","","","","","","","","","","","","","","","","","","","","","","","","","","","","","","","","","","","","","","",
"Heavily indebted poor countries (HIPC)","HPC","Vitamin A supplementation coverage rate (% of children ages 6-59 months)","SN.ITK.VITA.ZS","","","","","","","","","","","","","","","","","","","","","","","","","","","","","","","","","","","","","","","","","19.9916107705005","33.6404275139514","","52.6502610407436","50.5812760635641","76.6437254584052","75.9885440293734","77.1783670201066","80.8731684985777","88.0063785161036","86.5113399641346","82.9986576108695","68.884083577814","80.0385202137616","81.0591955397693","77.567205190749","64.7477305407174","52.281455637025","66.0824301861455","61.4528161978738","41.8398680626938","63.5276626076363","62.4188350882535","","",
"Croatia","HRV","Vitamin A supplementation coverage rate (% of children ages 6-59 months)","SN.ITK.VITA.ZS","","","","","","","","","","","","","","","","","","","","","","","","","","","","","","","","","","","","","","","","","","","","","","","","","","","","","","","","","","","","","","","","","",
"Haiti","HTI","Vitamin A supplementation coverage rate (% of children ages 6-59 months)","SN.ITK.VITA.ZS","","","","","","","","","","","","","","","","","","","","","","","","","","","","","","","","","","","","","","","","","","","","0","","42","33","","","","21","36","54","13","30","21","21","17","21","22","18","20","","","",
"Hungary","HUN","Vitamin A supplementation coverage rate (% of children ages 6-59 months)","SN.ITK.VITA.ZS","","","","","","","","","","","","","","","","","","","","","","","","","","","","","","","","","","","","","","","","","","","","","","","","","","","","","","","","","","","","","","","","","",
"IBRD only","IBD","Vitamin A supplementation coverage rate (% of children ages 6-59 months)","SN.ITK.VITA.ZS","","","","","","","","","","","","","","","","","","","","","","","","","","","","","","","","","","","","","","","","","","","","","","","","","","","","","","","","","","","","","","","","","",
"IDA & IBRD total","IBT","Vitamin A supplementation coverage rate (% of children ages 6-59 months)","SN.ITK.VITA.ZS","","","","","","","","","","","","","","","","","","","","","","","","","","","","","","","","","","","","","","","","","","","","","","","","","","","","","","","","","","","","","","","","","",
"IDA total","IDA","Vitamin A supplementation coverage rate (% of children ages 6-59 months)","SN.ITK.VITA.ZS","","","","","","","","","","","","","","","","","","","","","","","","","","","","","","","","","","","","","","","","","38.6520488670729","54.4207746642745","60.1435392364522","57.1102980608593","67.7386538537204","73.3156931051499","77.1206156609872","75.2725518319296","70.5495014183333","84.0141431130506","76.7018942724914","72.5426725306423","76.2099000017793","66.1460899998194","72.9979455465854","78.7862641706016","56.9918052288973","66.6198775166714","65.646631942474","67.0526808488253","35.0201932497303","67.9758438362864","61.8960902302708","","",
"IDA blend","IDB","Vitamin A supplementation coverage rate (% of children ages 6-59 months)","SN.ITK.VITA.ZS","","","","","","","","","","","","","","","","","","","","","","","","","","","","","","","","","","","","","","","","","44.9222179568737","63.7845624256185","51.770387522289","46.0027761633817","73.1890854909761","70.280890815745","76.084281093727","64.3708995373663","46.0795030238189","79.8464222097641","84.7024597581031","76.91014952621","84.8605037103704","40.1747187358034","81.9405912509509","81.1078922698328","30.1760668508336","78.167052757059","78.2491092118401","73.8599087798799","13.8040725863096","73.8047896718178","75.3033018318866","","",
"Indonesia","IDN","Vitamin A supplementation coverage rate (% of children ages 6-59 months)","SN.ITK.VITA.ZS","","","","","","","","","","","","","","","","","","","","","","","","","","","","","","","","","","","","","","","","","","","","","","","","","","","","","","","","","","","","","","","","","",
"IDA only","IDX","Vitamin A supplementation coverage rate (% of children ages 6-59 months)","SN.ITK.VITA.ZS","","","","","","","","","","","","","","","","","","","","","","","","","","","","","","","","","","","","","","","","","35.151024625614","48.9010177947536","66.5278684359204","63.4564789565757","64.1375627591893","75.1017507203918","77.6946785342695","81.7002212006956","84.5693250461308","86.409100696201","71.8644634546562","69.7819199095018","70.5795551096719","81.4451537130051","67.51927805373","77.3519401417622","73.7633957441406","59.9487854021775","58.510630773675","63.2491311560779","47.2803873028836","64.8254514191386","54.463616178362","","",
"Isle of Man","IMN","Vitamin A supplementation coverage rate (% of children ages 6-59 months)","SN.ITK.VITA.ZS","","","","","","","","","","","","","","","","","","","","","","","","","","","","","","","","","","","","","","","","","","","","","","","","","","","","","","","","","","","","","","","","","",
"India","IND","Vitamin A supplementation coverage rate (% of children ages 6-59 months)","SN.ITK.VITA.ZS","","","","","","","","","","","","","","","","","","","","","","","","","","","","","","","","","","","","","","","","","10","23","30","34","35","49","25","36","57","68","35","58","55","54","61","53","71","","56","","54","","","","",
"Not classified","INX","Vitamin A supplementation coverage rate (% of children ages 6-59 months)","SN.ITK.VITA.ZS","","","","","","","","","","","","","","","","","","","","","","","","","","","","","","","","","","","","","","","","","","","","","","","","","","","","","","","","","","","","","","","","","",
"Ireland","IRL","Vitamin A supplementation coverage rate (% of children ages 6-59 months)","SN.ITK.VITA.ZS","","","","","","","","","","","","","","","","","","","","","","","","","","","","","","","","","","","","","","","","","","","","","","","","","","","","","","","","","","","","","","","","","",
"Iran, Islamic Rep.","IRN","Vitamin A supplementation coverage rate (% of children ages 6-59 months)","SN.ITK.VITA.ZS","","","","","","","","","","","","","","","","","","","","","","","","","","","","","","","","","","","","","","","","","","","","","","","","","","","","","","","","","","","","","","","","","",
"Iraq","IRQ","Vitamin A supplementation coverage rate (% of children ages 6-59 months)","SN.ITK.VITA.ZS","","","","","","","","","","","","","","","","","","","","","","","","","","","","","","","","","","","","","","","","","","","","","","","","","","","","","","","","","","","","","","","","","",
"Iceland","ISL","Vitamin A supplementation coverage rate (% of children ages 6-59 months)","SN.ITK.VITA.ZS","","","","","","","","","","","","","","","","","","","","","","","","","","","","","","","","","","","","","","","","","","","","","","","","","","","","","","","","","","","","","","","","","",
"Israel","ISR","Vitamin A supplementation coverage rate (% of children ages 6-59 months)","SN.ITK.VITA.ZS","","","","","","","","","","","","","","","","","","","","","","","","","","","","","","","","","","","","","","","","","","","","","","","","","","","","","","","","","","","","","","","","","",
"Italy","ITA","Vitamin A supplementation coverage rate (% of children ages 6-59 months)","SN.ITK.VITA.ZS","","","","","","","","","","","","","","","","","","","","","","","","","","","","","","","","","","","","","","","","","","","","","","","","","","","","","","","","","","","","","","","","","",
"Jamaica","JAM","Vitamin A supplementation coverage rate (% of children ages 6-59 months)","SN.ITK.VITA.ZS","","","","","","","","","","","","","","","","","","","","","","","","","","","","","","","","","","","","","","","","","","","","","","","","","","","","","","","","","","","","","","","","","",
"Jordan","JOR","Vitamin A supplementation coverage rate (% of children ages 6-59 months)","SN.ITK.VITA.ZS","","","","","","","","","","","","","","","","","","","","","","","","","","","","","","","","","","","","","","","","","","","","","","","","","","","","","","","","","","","","","","","","","",
"Japan","JPN","Vitamin A supplementation coverage rate (% of children ages 6-59 months)","SN.ITK.VITA.ZS","","","","","","","","","","","","","","","","","","","","","","","","","","","","","","","","","","","","","","","","","","","","","","","","","","","","","","","","","","","","","","","","","",
"Kazakhstan","KAZ","Vitamin A supplementation coverage rate (% of children ages 6-59 months)","SN.ITK.VITA.ZS","","","","","","","","","","","","","","","","","","","","","","","","","","","","","","","","","","","","","","","","","","","","","","","","","","","","","","","","","","","","","","","","","",
"Kenya","KEN","Vitamin A supplementation coverage rate (% of children ages 6-59 months)","SN.ITK.VITA.ZS","","","","","","","","","","","","","","","","","","","","","","","","","","","","","","","","","","","","","","","","","41","0","0","","46","69","52","15","27","51","62","37","66","19","28","37","41","44","59","67","82","86","84","","",
"Kyrgyz Republic","KGZ","Vitamin A supplementation coverage rate (% of children ages 6-59 months)","SN.ITK.VITA.ZS","","","","","","","","","","","","","","","","","","","","","","","","","","","","","","","","","","","","","","","","","","","","","","","","","","","","","","","","","","","","","","","","","",
"Cambodia","KHM","Vitamin A supplementation coverage rate (% of children ages 6-59 months)","SN.ITK.VITA.ZS","","","","","","","","","","","","","","","","","","","","","","","","","","","","","","","","","","","","","","","","","30","57","34","47","72","65","78","76","88","98","95","92","98","90","71","63","69","73","","72","71","61","61","","",
"Kiribati","KIR","Vitamin A supplementation coverage rate (% of children ages 6-59 months)","SN.ITK.VITA.ZS","","","","","","","","","","","","","","","","","","","","","","","","","","","","","","","","","","","","","","","","","54","","","45","0","60","54","","","","","","","","","","","37","","","","","","","",
"St. Kitts and Nevis","KNA","Vitamin A supplementation coverage rate (% of children ages 6-59 months)","SN.ITK.VITA.ZS","","","","","","","","","","","","","","","","","","","","","","","","","","","","","","","","","","","","","","","","","","","","","","","","","","","","","","","","","","","","","","","","","",
"Korea, Rep.","KOR","Vitamin A supplementation coverage rate (% of children ages 6-59 months)","SN.ITK.VITA.ZS","","","","","","","","","","","","","","","","","","","","","","","","","","","","","","","","","","","","","","","","","","","","","","","","","","","","","","","","","","","","","","","","","",
"Kuwait","KWT","Vitamin A supplementation coverage rate (% of children ages 6-59 months)","SN.ITK.VITA.ZS","","","","","","","","","","","","","","","","","","","","","","","","","","","","","","","","","","","","","","","","","","","","","","","","","","","","","","","","","","","","","","","","","",
"Latin America & Caribbean (excluding high income)","LAC","Vitamin A supplementation coverage rate (% of children ages 6-59 months)","SN.ITK.VITA.ZS","","","","","","","","","","","","","","","","","","","","","","","","","","","","","","","","","","","","","","","","","","","","","","","","","","","","","","","","","","","","","","","","","",
"Lao PDR","LAO","Vitamin A supplementation coverage rate (% of children ages 6-59 months)","SN.ITK.VITA.ZS","","","","","","","","","","","","","","","","","","","","","","","","","","","","","","","","","","","","","","","","","","70","58","64","55","70","55","69","","88","80","92","47","87","89","88","","57","","47","54","34","36","","",
"Lebanon","LBN","Vitamin A supplementation coverage rate (% of children ages 6-59 months)","SN.ITK.VITA.ZS","","","","","","","","","","","","","","","","","","","","","","","","","","","","","","","","","","","","","","","","","","","","","","","","","","","","","","","","","","","","","","","","","",
"Liberia","LBR","Vitamin A supplementation coverage rate (% of children ages 6-59 months)","SN.ITK.VITA.ZS","","","","","","","","","","","","","","","","","","","","","","","","","","","","","","","","","","","","","","","","","83","99","8","","4","79","3","85","","92","97","96","13","88","0","61","92","97","62","50","3","18","7","","",
"Libya","LBY","Vitamin A supplementation coverage rate (% of children ages 6-59 months)","SN.ITK.VITA.ZS","","","","","","","","","","","","","","","","","","","","","","","","","","","","","","","","","","","","","","","","","","","","","","","","","","","","","","","","","","","","","","","","","",
"St. Lucia","LCA","Vitamin A supplementation coverage rate (% of children ages 6-59 months)","SN.ITK.VITA.ZS","","","","","","","","","","","","","","","","","","","","","","","","","","","","","","","","","","","","","","","","","","","","","","","","","","","","","","","","","","","","","","","","","",
"Latin America & Caribbean","LCN","Vitamin A supplementation coverage rate (% of children ages 6-59 months)","SN.ITK.VITA.ZS","","","","","","","","","","","","","","","","","","","","","","","","","","","","","","","","","","","","","","","","","","","","","","","","","","","","","","","","","","","","","","","","","",
"Least developed countries: UN classification","LDC","Vitamin A supplementation coverage rate (% of children ages 6-59 months)","SN.ITK.VITA.ZS","","","","","","","","","","","","","","","","","","","","","","","","","","","","","","","","","","","","","","","","","33.8098150951489","47.7864956543075","65.8070193001407","62.9611887040141","62.3479464395761","74.0140334162421","79.0674942122965","80.3198119569121","86.4300953628603","84.4929688668205","69.5975414642096","68.3253997812448","71.0662872936362","79.7761701846747","66.2888549210075","76.2490038183642","74.8887922910854","57.8257170591128","56.7285324561346","61.7223869820144","45.6900850903601","65.3969423448862","54.5092067330825","","",
"Low income","LIC","Vitamin A supplementation coverage rate (% of children ages 6-59 months)","SN.ITK.VITA.ZS","","","","","","","","","","","","","","","","","","","","","","","","","","","","","","","","","","","","","","","","","22.6148218478554","33.6958881774807","","","66.2777636962837","71.4871592480349","73.5794599492022","74.0623657485548","81.9981791944326","84.0098929800384","79.1861353762633","78.7315857861438","70.5843876325033","77.9825628441339","77.8464699002366","77.1556122079002","65.8125194178391","41.997954809593","66.0487314222895","52.0226522643879","37.2342081302554","51.9887961881126","54.4462222452612","","",
"Liechtenstein","LIE","Vitamin A supplementation coverage rate (% of children ages 6-59 months)","SN.ITK.VITA.ZS","","","","","","","","","","","","","","","","","","","","","","","","","","","","","","","","","","","","","","","","","","","","","","","","","","","","","","","","","","","","","","","","","",
"Sri Lanka","LKA","Vitamin A supplementation coverage rate (% of children ages 6-59 months)","SN.ITK.VITA.ZS","","","","","","","","","","","","","","","","","","","","","","","","","","","","","","","","","","","","","","","","","","","","","","","","","","","","","","","","","","","","","","","","","",
"Lower middle income","LMC","Vitamin A supplementation coverage rate (% of children ages 6-59 months)","SN.ITK.VITA.ZS","","","","","","","","","","","","","","","","","","","","","","","","","","","","","","","","","","","","","","","","","30.133490382921","45.8933412950197","46.4487897958175","47.6332471852423","54.8225868919661","62.6953048423829","52.3395429838186","55.4077113259417","61.197599338104","75.6883521642587","55.5726557196006","64.7805204406601","70.0912085216775","57.395482000666","65.5920008426236","66.2707949208606","60.4774077554434","","61.0259320253754","","40.1728302463691","","","","",
"Low & middle income","LMY","Vitamin A supplementation coverage rate (% of children ages 6-59 months)","SN.ITK.VITA.ZS","","","","","","","","","","","","","","","","","","","","","","","","","","","","","","","","","","","","","","","","","","","","","","","","","","","","","","","","","","","","","","","","","",
"Lesotho","LSO","Vitamin A supplementation coverage rate (% of children ages 6-59 months)","SN.ITK.VITA.ZS","","","","","","","","","","","","","","","","","","","","","","","","","","","","","","","","","","","","","","","","","","","","","","2","9","38","","","17","38","","66","67","","","18","","","","","19","","",
"Late-demographic dividend","LTE","Vitamin A supplementation coverage rate (% of children ages 6-59 months)","SN.ITK.VITA.ZS","","","","","","","","","","","","","","","","","","","","","","","","","","","","","","","","","","","","","","","","","","","","","","","","","","","","","","","","","","","","","","","","","",
"Lithuania","LTU","Vitamin A supplementation coverage rate (% of children ages 6-59 months)","SN.ITK.VITA.ZS","","","","","","","","","","","","","","","","","","","","","","","","","","","","","","","","","","","","","","","","","","","","","","","","","","","","","","","","","","","","","","","","","",
"Luxembourg","LUX","Vitamin A supplementation coverage rate (% of children ages 6-59 months)","SN.ITK.VITA.ZS","","","","","","","","","","","","","","","","","","","","","","","","","","","","","","","","","","","","","","","","","","","","","","","","","","","","","","","","","","","","","","","","","",
"Latvia","LVA","Vitamin A supplementation coverage rate (% of children ages 6-59 months)","SN.ITK.VITA.ZS","","","","","","","","","","","","","","","","","","","","","","","","","","","","","","","","","","","","","","","","","","","","","","","","","","","","","","","","","","","","","","","","","",
"Macao SAR, China","MAC","Vitamin A supplementation coverage rate (% of children ages 6-59 months)","SN.ITK.VITA.ZS","","","","","","","","","","","","","","","","","","","","","","","","","","","","","","","","","","","","","","","","","","","","","","","","","","","","","","","","","","","","","","","","","",
"St. Martin (French part)","MAF","Vitamin A supplementation coverage rate (% of children ages 6-59 months)","SN.ITK.VITA.ZS","","","","","","","","","","","","","","","","","","","","","","","","","","","","","","","","","","","","","","","","","","","","","","","","","","","","","","","","","","","","","","","","","",
"Morocco","MAR","Vitamin A supplementation coverage rate (% of children ages 6-59 months)","SN.ITK.VITA.ZS","","","","","","","","","","","","","","","","","","","","","","","","","","","","","","","","","","","","","","","","","","","","","","","","","","","","","","","","","","","","","","","","","",
"Monaco","MCO","Vitamin A supplementation coverage rate (% of children ages 6-59 months)","SN.ITK.VITA.ZS","","","","","","","","","","","","","","","","","","","","","","","","","","","","","","","","","","","","","","","","","","","","","","","","","","","","","","","","","","","","","","","","","",
"Moldova","MDA","Vitamin A supplementation coverage rate (% of children ages 6-59 months)","SN.ITK.VITA.ZS","","","","","","","","","","","","","","","","","","","","","","","","","","","","","","","","","","","","","","","","","","","","","","","","","","","","","","","","","","","","","","","","","",
"Madagascar","MDG","Vitamin A supplementation coverage rate (% of children ages 6-59 months)","SN.ITK.VITA.ZS","","","","","","","","","","","","","","","","","","","","","","","","","","","","","","","","","","","","","","","","","38","55","","84","87","97","96","99","97","95","95","91","88","94","99","97","97","87","96","3","26","24","34","","",
"Maldives","MDV","Vitamin A supplementation coverage rate (% of children ages 6-59 months)","SN.ITK.VITA.ZS","","","","","","","","","","","","","","","","","","","","","","","","","","","","","","","","","","","","","","","","","","","","","","","","","","","","","","","","","","","","","","","","","",
"Middle East, North Africa, Afghanistan & Pakistan","MEA","Vitamin A supplementation coverage rate (% of children ages 6-59 months)","SN.ITK.VITA.ZS","","","","","","","","","","","","","","","","","","","","","","","","","","","","","","","","","","","","","","","","","","","","","","","","","","","","","","","","","","","","","","","","","",
"Mexico","MEX","Vitamin A supplementation coverage rate (% of children ages 6-59 months)","SN.ITK.VITA.ZS","","","","","","","","","","","","","","","","","","","","","","","","","","","","","","","","","","","","","","","","","","","","","","","","","","","","","","","","","","","","","","","","","",
"Marshall Islands","MHL","Vitamin A supplementation coverage rate (% of children ages 6-59 months)","SN.ITK.VITA.ZS","","","","","","","","","","","","","","","","","","","","","","","","","","","","","","","","","","","","","","","","","","","","","","","","","","","","","","","","","","","","","","","","","",
"Middle income","MIC","Vitamin A supplementation coverage rate (% of children ages 6-59 months)","SN.ITK.VITA.ZS","","","","","","","","","","","","","","","","","","","","","","","","","","","","","","","","","","","","","","","","","","","","","","","","","","","","","","","","","","","","","","","","","",
"North Macedonia","MKD","Vitamin A supplementation coverage rate (% of children ages 6-59 months)","SN.ITK.VITA.ZS","","","","","","","","","","","","","","","","","","","","","","","","","","","","","","","","","","","","","","","","","","","","","","","","","","","","","","","","","","","","","","","","","",
"Mali","MLI","Vitamin A supplementation coverage rate (% of children ages 6-59 months)","SN.ITK.VITA.ZS","","","","","","","","","","","","","","","","","","","","","","","","","","","","","","","","","","","","","","","","","10","","","74","78","59","88","89","97","99","99","96","93","98","","88","99","9","93","16","59","85","76","","",
"Malta","MLT","Vitamin A supplementation coverage rate (% of children ages 6-59 months)","SN.ITK.VITA.ZS","","","","","","","","","","","","","","","","","","","","","","","","","","","","","","","","","","","","","","","","","","","","","","","","","","","","","","","","","","","","","","","","","",
"Myanmar","MMR","Vitamin A supplementation coverage rate (% of children ages 6-59 months)","SN.ITK.VITA.ZS","","","","","","","","","","","","","","","","","","","","","","","","","","","","","","","","","","","","","","","","","66","86","92","87","96","96","95","93","94","95","94","96","86","93","94","88","96","89","83","93","","","","","",
"Middle East, North Africa, Afghanistan & Pakistan (excluding high income)","MNA","Vitamin A supplementation coverage rate (% of children ages 6-59 months)","SN.ITK.VITA.ZS","","","","","","","","","","","","","","","","","","","","","","","","","","","","","","","","","","","","","","","","","","","","","","","","","","","","","","","","","","","","","","","","","",
"Montenegro","MNE","Vitamin A supplementation coverage rate (% of children ages 6-59 months)","SN.ITK.VITA.ZS","","","","","","","","","","","","","","","","","","","","","","","","","","","","","","","","","","","","","","","","","","","","","","","","","","","","","","","","","","","","","","","","","",
"Mongolia","MNG","Vitamin A supplementation coverage rate (% of children ages 6-59 months)","SN.ITK.VITA.ZS","","","","","","","","","","","","","","","","","","","","","","","","","","","","","","","","","","","","","","","","","","","","","","","","","","","","","","","","","","","","","","","","","",
"Northern Mariana Islands","MNP","Vitamin A supplementation coverage rate (% of children ages 6-59 months)","SN.ITK.VITA.ZS","","","","","","","","","","","","","","","","","","","","","","","","","","","","","","","","","","","","","","","","","","","","","","","","","","","","","","","","","","","","","","","","","",
"Mozambique","MOZ","Vitamin A supplementation coverage rate (% of children ages 6-59 months)","SN.ITK.VITA.ZS","","","","","","","","","","","","","","","","","","","","","","","","","","","","","","","","","","","","","","","","","0","0","25","22","13","16","33","42","83","97","99","99","20","99","99","99","55","61","64","57","59","83","72","","",
"Mauritania","MRT","Vitamin A supplementation coverage rate (% of children ages 6-59 months)","SN.ITK.VITA.ZS","","","","","","","","","","","","","","","","","","","","","","","","","","","","","","","","","","","","","","","","","0","0","0","0","92","60","96","89","87","89","97","99","99","99","89","83","75","0","85","89","0","","0","","",
"Mauritius","MUS","Vitamin A supplementation coverage rate (% of children ages 6-59 months)","SN.ITK.VITA.ZS","","","","","","","","","","","","","","","","","","","","","","","","","","","","","","","","","","","","","","","","","","","","","","","","","","","","","","","","","","","","","","","","","",
"Malawi","MWI","Vitamin A supplementation coverage rate (% of children ages 6-59 months)","SN.ITK.VITA.ZS","","","","","","","","","","","","","","","","","","","","","","","","","","","","","","","","","","","","","","","","","21","17","","14","13","86","89","90","95","95","96","96","60","90","41","16","91","91","75","64","19","77","11","","",
"Malaysia","MYS","Vitamin A supplementation coverage rate (% of children ages 6-59 months)","SN.ITK.VITA.ZS","","","","","","","","","","","","","","","","","","","","","","","","","","","","","","","","","","","","","","","","","","","","","","","","","","","","","","","","","","","","","","","","","",
"North America","NAC","Vitamin A supplementation coverage rate (% of children ages 6-59 months)","SN.ITK.VITA.ZS","","","","","","","","","","","","","","","","","","","","","","","","","","","","","","","","","","","","","","","","","","","","","","","","","","","","","","","","","","","","","","","","","",
"Namibia","NAM","Vitamin A supplementation coverage rate (% of children ages 6-59 months)","SN.ITK.VITA.ZS","","","","","","","","","","","","","","","","","","","","","","","","","","","","","","","","","","","","","","","","","0","0","0","","","10","12","0","","","13","23","20","62","","","22","27","44","48","","59","60","","",
"New Caledonia","NCL","Vitamin A supplementation coverage rate (% of children ages 6-59 months)","SN.ITK.VITA.ZS","","","","","","","","","","","","","","","","","","","","","","","","","","","","","","","","","","","","","","","","","","","","","","","","","","","","","","","","","","","","","","","","","",
"Niger","NER","Vitamin A supplementation coverage rate (% of children ages 6-59 months)","SN.ITK.VITA.ZS","","","","","","","","","","","","","","","","","","","","","","","","","","","","","","","","","","","","","","","","","92","88","77","68","","94","88","99","92","95","98","95","98","96","95","99","94","53","64","99","","93","87","","",
"Nigeria","NGA","Vitamin A supplementation coverage rate (% of children ages 6-59 months)","SN.ITK.VITA.ZS","","","","","","","","","","","","","","","","","","","","","","","","","","","","","","","","","","","","","","","","","0","64","31","0","76","40","61","55","0","78","91","73","78","70","80","76","56","83","80","62","0","57","67","","",
"Nicaragua","NIC","Vitamin A supplementation coverage rate (% of children ages 6-59 months)","SN.ITK.VITA.ZS","","","","","","","","","","","","","","","","","","","","","","","","","","","","","","","","","","","","","","","","","","","","","","","","","","","","","","","","","","","","","","","","","",
"Netherlands","NLD","Vitamin A supplementation coverage rate (% of children ages 6-59 months)","SN.ITK.VITA.ZS","","","","","","","","","","","","","","","","","","","","","","","","","","","","","","","","","","","","","","","","","","","","","","","","","","","","","","","","","","","","","","","","","",
"Norway","NOR","Vitamin A supplementation coverage rate (% of children ages 6-59 months)","SN.ITK.VITA.ZS","","","","","","","","","","","","","","","","","","","","","","","","","","","","","","","","","","","","","","","","","","","","","","","","","","","","","","","","","","","","","","","","","",
"Nepal","NPL","Vitamin A supplementation coverage rate (% of children ages 6-59 months)","SN.ITK.VITA.ZS","","","","","","","","","","","","","","","","","","","","","","","","","","","","","","","","","","","","","","","","","73","96","83","96","95","96","97","95","93","95","91","91","95","99","85","79","79","81","76","77","85","90","94","","",
"Nauru","NRU","Vitamin A supplementation coverage rate (% of children ages 6-59 months)","SN.ITK.VITA.ZS","","","","","","","","","","","","","","","","","","","","","","","","","","","","","","","","","","","","","","","","","","","","","","","","","","","","","","","","","","","","","","","","","",
"New Zealand","NZL","Vitamin A supplementation coverage rate (% of children ages 6-59 months)","SN.ITK.VITA.ZS","","","","","","","","","","","","","","","","","","","","","","","","","","","","","","","","","","","","","","","","","","","","","","","","","","","","","","","","","","","","","","","","","",
"OECD members","OED","Vitamin A supplementation coverage rate (% of children ages 6-59 months)","SN.ITK.VITA.ZS","","","","","","","","","","","","","","","","","","","","","","","","","","","","","","","","","","","","","","","","","","","","","","","","","","","","","","","","","","","","","","","","","",
"Oman","OMN","Vitamin A supplementation coverage rate (% of children ages 6-59 months)","SN.ITK.VITA.ZS","","","","","","","","","","","","","","","","","","","","","","","","","","","","","","","","","","","","","","","","","","","","","","","","","","","","","","","","","","","","","","","","","",
"Other small states","OSS","Vitamin A supplementation coverage rate (% of children ages 6-59 months)","SN.ITK.VITA.ZS","","","","","","","","","","","","","","","","","","","","","","","","","","","","","","","","","","","","","","","","","","","","","","","","","","","","","","","","","","","","","","","","","",
"Pakistan","PAK","Vitamin A supplementation coverage rate (% of children ages 6-59 months)","SN.ITK.VITA.ZS","","","","","","","","","","","","","","","","","","","","","","","","","","","","","","","","","","","","","","","","","95","99","99","99","99","99","99","99","97","91","87","90","99","0","96","98","0","92","92","90","0","92","86","","",
"Panama","PAN","Vitamin A supplementation coverage rate (% of children ages 6-59 months)","SN.ITK.VITA.ZS","","","","","","","","","","","","","","","","","","","","","","","","","","","","","","","","","","","","","","","","","","","","","","","","","","","","","","","","","","","","","","","","","",
"Peru","PER","Vitamin A supplementation coverage rate (% of children ages 6-59 months)","SN.ITK.VITA.ZS","","","","","","","","","","","","","","","","","","","","","","","","","","","","","","","","","","","","","","","","","","","","","","","","","","","","","","","","","","","","","","","","","",
"Philippines","PHL","Vitamin A supplementation coverage rate (% of children ages 6-59 months)","SN.ITK.VITA.ZS","","","","","","","","","","","","","","","","","","","","","","","","","","","","","","","","","","","","","","","","","69","76","76","75","85","85","86","83","86","91","91","91","90","89","83","72","68","","","","29","","26","","",
"Palau","PLW","Vitamin A supplementation coverage rate (% of children ages 6-59 months)","SN.ITK.VITA.ZS","","","","","","","","","","","","","","","","","","","","","","","","","","","","","","","","","","","","","","","","","","","","","","","","","","","","","","","","","","","","","","","","","",
"Papua New Guinea","PNG","Vitamin A supplementation coverage rate (% of children ages 6-59 months)","SN.ITK.VITA.ZS","","","","","","","","","","","","","","","","","","","","","","","","","","","","","","","","","","","","","","","","","","","","1","","1","7","7","","12","14","12","15","","","","","","0","17","34","","13","","",
"Poland","POL","Vitamin A supplementation coverage rate (% of children ages 6-59 months)","SN.ITK.VITA.ZS","","","","","","","","","","","","","","","","","","","","","","","","","","","","","","","","","","","","","","","","","","","","","","","","","","","","","","","","","","","","","","","","","",
"Pre-demographic dividend","PRE","Vitamin A supplementation coverage rate (% of children ages 6-59 months)","SN.ITK.VITA.ZS","","","","","","","","","","","","","","","","","","","","","","","","","","","","","","","","","","","","","","","","","16.8467767978556","42.6516849487037","45.8580761459021","42.5077370980219","63.0198425894362","68.3209411682454","72.4796910252622","65.314363897815","59.4487736642481","81.7893875131665","84.2080445026407","79.0920298611282","78.1422860256699","73.6744661553172","77.5037410276619","74.8239551769014","61.0559434560301","54.2101745048995","69.3388074976677","60.8881788361093","30.2440710198642","63.174509729478","65.0076489001613","","",
"Puerto Rico (US)","PRI","Vitamin A supplementation coverage rate (% of children ages 6-59 months)","SN.ITK.VITA.ZS","","","","","","","","","","","","","","","","","","","","","","","","","","","","","","","","","","","","","","","","","","","","","","","","","","","","","","","","","","","","","","","","","",
"Korea, Dem. People's Rep.","PRK","Vitamin A supplementation coverage rate (% of children ages 6-59 months)","SN.ITK.VITA.ZS","","","","","","","","","","","","","","","","","","","","","","","","","","","","","","","","","","","","","","","","","96","99","99","99","99","98","99","99","98","99","99","99","99","98","99","99","99","90","99","99","93","0","0","","",
"Portugal","PRT","Vitamin A supplementation coverage rate (% of children ages 6-59 months)","SN.ITK.VITA.ZS","","","","","","","","","","","","","","","","","","","","","","","","","","","","","","","","","","","","","","","","","","","","","","","","","","","","","","","","","","","","","","","","","",
"Paraguay","PRY","Vitamin A supplementation coverage rate (% of children ages 6-59 months)","SN.ITK.VITA.ZS","","","","","","","","","","","","","","","","","","","","","","","","","","","","","","","","","","","","","","","","","","","","","","","","","","","","","","","","","","","","","","","","","",
"West Bank and Gaza","PSE","Vitamin A supplementation coverage rate (% of children ages 6-59 months)","SN.ITK.VITA.ZS","","","","","","","","","","","","","","","","","","","","","","","","","","","","","","","","","","","","","","","","","","","","","","","","","","","","","","","","","","","","","","","","","",
"Pacific island small states","PSS","Vitamin A supplementation coverage rate (% of children ages 6-59 months)","SN.ITK.VITA.ZS","","","","","","","","","","","","","","","","","","","","","","","","","","","","","","","","","","","","","","","","","","","","","","","","","","","","","","","","","","","","","","","","","",
"Post-demographic dividend","PST","Vitamin A supplementation coverage rate (% of children ages 6-59 months)","SN.ITK.VITA.ZS","","","","","","","","","","","","","","","","","","","","","","","","","","","","","","","","","","","","","","","","","","","","","","","","","","","","","","","","","","","","","","","","","",
"French Polynesia","PYF","Vitamin A supplementation coverage rate (% of children ages 6-59 months)","SN.ITK.VITA.ZS","","","","","","","","","","","","","","","","","","","","","","","","","","","","","","","","","","","","","","","","","","","","","","","","","","","","","","","","","","","","","","","","","",
"Qatar","QAT","Vitamin A supplementation coverage rate (% of children ages 6-59 months)","SN.ITK.VITA.ZS","","","","","","","","","","","","","","","","","","","","","","","","","","","","","","","","","","","","","","","","","","","","","","","","","","","","","","","","","","","","","","","","","",
"Romania","ROU","Vitamin A supplementation coverage rate (% of children ages 6-59 months)","SN.ITK.VITA.ZS","","","","","","","","","","","","","","","","","","","","","","","","","","","","","","","","","","","","","","","","","","","","","","","","","","","","","","","","","","","","","","","","","",
"Russian Federation","RUS","Vitamin A supplementation coverage rate (% of children ages 6-59 months)","SN.ITK.VITA.ZS","","","","","","","","","","","","","","","","","","","","","","","","","","","","","","","","","","","","","","","","","","","","","","","","","","","","","","","","","","","","","","","","","",
"Rwanda","RWA","Vitamin A supplementation coverage rate (% of children ages 6-59 months)","SN.ITK.VITA.ZS","","","","","","","","","","","","","","","","","","","","","","","","","","","","","","","","","","","","","","","","","0","0","0","7","75","87","87","87","","94","94","73","3","0","95","96","","98","92","","","93","","","",
"South Asia","SAS","Vitamin A supplementation coverage rate (% of children ages 6-59 months)","SN.ITK.VITA.ZS","","","","","","","","","","","","","","","","","","","","","","","","","","","","","","","","","","","","","","","","","20.169975304804","32.3966402789378","37.1872716711912","41.6096598429127","41.9495760361257","53.8788559123268","34.0067760393446","43.9930282798714","62.3801560380459","71.1948418899488","32.1978073542245","52.2228414257832","60.0808446088933","59.5584713378627","54.927063535745","58.5024139872285","74.2132036296409","","50.1276382447794","","59.623277325742","","","","",
"Saudi Arabia","SAU","Vitamin A supplementation coverage rate (% of children ages 6-59 months)","SN.ITK.VITA.ZS","","","","","","","","","","","","","","","","","","","","","","","","","","","","","","","","","","","","","","","","","","","","","","","","","","","","","","","","","","","","","","","","","",
"Sudan","SDN","Vitamin A supplementation coverage rate (% of children ages 6-59 months)","SN.ITK.VITA.ZS","","","","","","","","","","","","","","","","","","","","","","","","","","","","","","","","","","","","","","","","","","","","","","","70","98","88","99","95","","83","0","99","72","63","20","34","39","0","0","1","","",
"Senegal","SEN","Vitamin A supplementation coverage rate (% of children ages 6-59 months)","SN.ITK.VITA.ZS","","","","","","","","","","","","","","","","","","","","","","","","","","","","","","","","","","","","","","","","","93","85","","","","86","96","94","90","97","","","","2","89","29","","58","57","64","37","57","57","","",
"Singapore","SGP","Vitamin A supplementation coverage rate (% of children ages 6-59 months)","SN.ITK.VITA.ZS","","","","","","","","","","","","","","","","","","","","","","","","","","","","","","","","","","","","","","","","","","","","","","","","","","","","","","","","","","","","","","","","","",
"Solomon Islands","SLB","Vitamin A supplementation coverage rate (% of children ages 6-59 months)","SN.ITK.VITA.ZS","","","","","","","","","","","","","","","","","","","","","","","","","","","","","","","","","","","","","","","","","","","","","","","","","","","","","","","","","","","","","","","","","",
"Sierra Leone","SLE","Vitamin A supplementation coverage rate (% of children ages 6-59 months)","SN.ITK.VITA.ZS","","","","","","","","","","","","","","","","","","","","","","","","","","","","","","","","","","","","","","","","","0","72","77","84","93","99","93","86","12","99","99","99","99","99","8","97","99","98","69","26","32","66","69","","",
"El Salvador","SLV","Vitamin A supplementation coverage rate (% of children ages 6-59 months)","SN.ITK.VITA.ZS","","","","","","","","","","","","","","","","","","","","","","","","","","","","","","","","","","","","","","","","","","","","","","","","","","","","","","","","","","","","","","","","","",
"San Marino","SMR","Vitamin A supplementation coverage rate (% of children ages 6-59 months)","SN.ITK.VITA.ZS","","","","","","","","","","","","","","","","","","","","","","","","","","","","","","","","","","","","","","","","","","","","","","","","","","","","","","","","","","","","","","","","","",
"Somalia","SOM","Vitamin A supplementation coverage rate (% of children ages 6-59 months)","SN.ITK.VITA.ZS","","","","","","","","","","","","","","","","","","","","","","","","","","","","","","","","","","","","","","","","","","62","70","56","","","32","4","99","99","","12","","","30","33","9","11","32","20","28","84","79","","",
"Serbia","SRB","Vitamin A supplementation coverage rate (% of children ages 6-59 months)","SN.ITK.VITA.ZS","","","","","","","","","","","","","","","","","","","","","","","","","","","","","","","","","","","","","","","","","","","","","","","","","","","","","","","","","","","","","","","","","",
"Sub-Saharan Africa (excluding high income)","SSA","Vitamin A supplementation coverage rate (% of children ages 6-59 months)","SN.ITK.VITA.ZS","","","","","","","","","","","","","","","","","","","","","","","","","","","","","","","","","","","","","","","","","16.6713972321646","41.2368801576539","43.2949704946741","41.7926651141124","57.3179581407661","66.6825569781671","68.4552625892242","64.7815713027903","54.8919260255262","81.4311029215374","83.0120099434585","76.2574826896416","74.6618858880148","70.5279911208304","74.4421626649193","72.0810203802454","57.8850980644581","52.3598543350812","66.7184938454121","59.6268305945533","31.8145561583371","61.3973960367446","65.9719528076694","","",
"South Sudan","SSD","Vitamin A supplementation coverage rate (% of children ages 6-59 months)","SN.ITK.VITA.ZS","","","","","","","","","","","","","","","","","","","","","","","","","","","","","","","","","","","","","","","","","","","","","","7","40","65","","41","0","","70","0","18","","67","51","76","0","0","89","89","","",
"Sub-Saharan Africa","SSF","Vitamin A supplementation coverage rate (% of children ages 6-59 months)","SN.ITK.VITA.ZS","","","","","","","","","","","","","","","","","","","","","","","","","","","","","","","","","","","","","","","","","14.4543848355156","35.9647430240586","43.2949704946741","38.9327707653235","50.1911166088245","65.6926449025635","69.6824394841458","67.2037010632709","58.5232779019441","81.705472366705","83.1202142257718","75.6881154549144","69.9128453116494","71.3684817562484","74.0832347103613","72.282624977775","60.1158744192497","54.6800193791784","64.9390363689628","59.4670776012595","35.3459422954312","62.590880182506","66.1851298378681","","",
"Small states","SST","Vitamin A supplementation coverage rate (% of children ages 6-59 months)","SN.ITK.VITA.ZS","","","","","","","","","","","","","","","","","","","","","","","","","","","","","","","","","","","","","","","","","","","","","","","","","","","","","","","","","","","","","","","","","",
"Sao Tome and Principe","STP","Vitamin A supplementation coverage rate (% of children ages 6-59 months)","SN.ITK.VITA.ZS","","","","","","","","","","","","","","","","","","","","","","","","","","","","","","","","","","","","","","","","","","","","0","76","28","56","48","19","35","35","36","34","56","","42","34","23","32","35","33","66","8","","",
"Suriname","SUR","Vitamin A supplementation coverage rate (% of children ages 6-59 months)","SN.ITK.VITA.ZS","","","","","","","","","","","","","","","","","","","","","","","","","","","","","","","","","","","","","","","","","","","","","","","","","","","","","","","","","","","","","","","","","",
"Slovak Republic","SVK","Vitamin A supplementation coverage rate (% of children ages 6-59 months)","SN.ITK.VITA.ZS","","","","","","","","","","","","","","","","","","","","","","","","","","","","","","","","","","","","","","","","","","","","","","","","","","","","","","","","","","","","","","","","","",
"Slovenia","SVN","Vitamin A supplementation coverage rate (% of children ages 6-59 months)","SN.ITK.VITA.ZS","","","","","","","","","","","","","","","","","","","","","","","","","","","","","","","","","","","","","","","","","","","","","","","","","","","","","","","","","","","","","","","","","",
"Sweden","SWE","Vitamin A supplementation coverage rate (% of children ages 6-59 months)","SN.ITK.VITA.ZS","","","","","","","","","","","","","","","","","","","","","","","","","","","","","","","","","","","","","","","","","","","","","","","","","","","","","","","","","","","","","","","","","",
"Eswatini","SWZ","Vitamin A supplementation coverage rate (% of children ages 6-59 months)","SN.ITK.VITA.ZS","","","","","","","","","","","","","","","","","","","","","","","","","","","","","","","","","","","","","","","","","","0","0","0","","40","18","26","39","30","36","34","33","31","43","","39","33","30","31","47","33","51","","",
"Sint Maarten (Dutch part)","SXM","Vitamin A supplementation coverage rate (% of children ages 6-59 months)","SN.ITK.VITA.ZS","","","","","","","","","","","","","","","","","","","","","","","","","","","","","","","","","","","","","","","","","","","","","","","","","","","","","","","","","","","","","","","","","",
"Seychelles","SYC","Vitamin A supplementation coverage rate (% of children ages 6-59 months)","SN.ITK.VITA.ZS","","","","","","","","","","","","","","","","","","","","","","","","","","","","","","","","","","","","","","","","","","","","","","","","","","","","","","","","","","","","","","","","","",
"Syrian Arab Republic","SYR","Vitamin A supplementation coverage rate (% of children ages 6-59 months)","SN.ITK.VITA.ZS","","","","","","","","","","","","","","","","","","","","","","","","","","","","","","","","","","","","","","","","","","","","","","","","","","","","","","","","","","","","","","","","","",
"Turks and Caicos Islands","TCA","Vitamin A supplementation coverage rate (% of children ages 6-59 months)","SN.ITK.VITA.ZS","","","","","","","","","","","","","","","","","","","","","","","","","","","","","","","","","","","","","","","","","","","","","","","","","","","","","","","","","","","","","","","","","",
"Chad","TCD","Vitamin A supplementation coverage rate (% of children ages 6-59 months)","SN.ITK.VITA.ZS","","","","","","","","","","","","","","","","","","","","","","","","","","","","","","","","","","","","","","","","","87","88","","0","79","93","58","50","0","61","","","","91","96","85","0","67","70","91","0","0","93","","",
"East Asia & Pacific (IDA & IBRD countries)","TEA","Vitamin A supplementation coverage rate (% of children ages 6-59 months)","SN.ITK.VITA.ZS","","","","","","","","","","","","","","","","","","","","","","","","","","","","","","","","","","","","","","","","","","","","","","","","","","","","","","","","","","","","","","","","","",
"Europe & Central Asia (IDA & IBRD countries)","TEC","Vitamin A supplementation coverage rate (% of children ages 6-59 months)","SN.ITK.VITA.ZS","","","","","","","","","","","","","","","","","","","","","","","","","","","","","","","","","","","","","","","","","","","","","","","","","","","","","","","","","","","","","","","","","",
"Togo","TGO","Vitamin A supplementation coverage rate (% of children ages 6-59 months)","SN.ITK.VITA.ZS","","","","","","","","","","","","","","","","","","","","","","","","","","","","","","","","","","","","","","","","","0","7","18","53","94","92","15","64","64","99","99","22","64","61","","6","9","87","89","86","91","96","90","","",
"Thailand","THA","Vitamin A supplementation coverage rate (% of children ages 6-59 months)","SN.ITK.VITA.ZS","","","","","","","","","","","","","","","","","","","","","","","","","","","","","","","","","","","","","","","","","","","","","","","","","","","","","","","","","","","","","","","","","",
"Tajikistan","TJK","Vitamin A supplementation coverage rate (% of children ages 6-59 months)","SN.ITK.VITA.ZS","","","","","","","","","","","","","","","","","","","","","","","","","","","","","","","","","","","","","","","","","0","0","0","0","93","90","88","85","73","74","87","88","90","82","99","97","96","91","76","99","99","95","93","","",
"Turkmenistan","TKM","Vitamin A supplementation coverage rate (% of children ages 6-59 months)","SN.ITK.VITA.ZS","","","","","","","","","","","","","","","","","","","","","","","","","","","","","","","","","","","","","","","","","","","","","","","","","","","","","","","","","","","","0","","0","0","","",
"Latin America & the Caribbean (IDA & IBRD countries)","TLA","Vitamin A supplementation coverage rate (% of children ages 6-59 months)","SN.ITK.VITA.ZS","","","","","","","","","","","","","","","","","","","","","","","","","","","","","","","","","","","","","","","","","","","","","","","","","","","","","","","","","","","","","","","","","",
"Timor-Leste","TLS","Vitamin A supplementation coverage rate (% of children ages 6-59 months)","SN.ITK.VITA.ZS","","","","","","","","","","","","","","","","","","","","","","","","","","","","","","","","","","","","","","","","","","","26","33","36","35","28","50","","45","48","59","42","40","","61","65","66","73","78","65","","","","",
"Middle East, North Africa, Afghanistan & Pakistan (IDA & IBRD)","TMN","Vitamin A supplementation coverage rate (% of children ages 6-59 months)","SN.ITK.VITA.ZS","","","","","","","","","","","","","","","","","","","","","","","","","","","","","","","","","","","","","","","","","","","","","","","","","","","","","","","","","","","","","","","","","",
"Tonga","TON","Vitamin A supplementation coverage rate (% of children ages 6-59 months)","SN.ITK.VITA.ZS","","","","","","","","","","","","","","","","","","","","","","","","","","","","","","","","","","","","","","","","","","","","","","","","","","","","","","","","","","","","","","","","","",
"South Asia (IDA & IBRD)","TSA","Vitamin A supplementation coverage rate (% of children ages 6-59 months)","SN.ITK.VITA.ZS","","","","","","","","","","","","","","","","","","","","","","","","","","","","","","","","","","","","","","","","","20.169975304804","32.3966402789378","37.1872716711912","41.6096598429127","41.9495760361257","53.8788559123268","34.0067760393446","43.9930282798714","62.3801560380459","71.1948418899488","32.1978073542245","52.2228414257832","60.0808446088933","59.5584713378627","54.927063535745","58.5024139872285","74.2132036296409","","50.1276382447794","","59.623277325742","","","","",
"Sub-Saharan Africa (IDA & IBRD countries)","TSS","Vitamin A supplementation coverage rate (% of children ages 6-59 months)","SN.ITK.VITA.ZS","","","","","","","","","","","","","","","","","","","","","","","","","","","","","","","","","","","","","","","","","14.4543848355156","35.9647430240586","43.2949704946741","38.9327707653235","50.1911166088245","65.6926449025636","69.6824394841458","67.2037010632709","58.5232779019441","81.705472366705","83.1202142257718","75.6881154549144","69.9128453116494","71.3684817562484","74.0832347103613","72.282624977775","60.1158744192497","54.6800193791784","64.9390363689628","59.4670776012595","35.3459422954312","62.590880182506","66.1851298378681","","",
"Trinidad and Tobago","TTO","Vitamin A supplementation coverage rate (% of children ages 6-59 months)","SN.ITK.VITA.ZS","","","","","","","","","","","","","","","","","","","","","","","","","","","","","","","","","","","","","","","","","","","","","","","","","","","","","","","","","","","","","","","","","",
"Tunisia","TUN","Vitamin A supplementation coverage rate (% of children ages 6-59 months)","SN.ITK.VITA.ZS","","","","","","","","","","","","","","","","","","","","","","","","","","","","","","","","","","","","","","","","","","","","","","","","","","","","","","","","","","","","","","","","","",
"Turkiye","TUR","Vitamin A supplementation coverage rate (% of children ages 6-59 months)","SN.ITK.VITA.ZS","","","","","","","","","","","","","","","","","","","","","","","","","","","","","","","","","","","","","","","","","","","","","","","","","","","","","","","","","","","","","","","","","",
"Tuvalu","TUV","Vitamin A supplementation coverage rate (% of children ages 6-59 months)","SN.ITK.VITA.ZS","","","","","","","","","","","","","","","","","","","","","","","","","","","","","","","","","","","","","","","","","","","","","","","","","","","","","","","","","","","","","","","","","",
"Tanzania","TZA","Vitamin A supplementation coverage rate (% of children ages 6-59 months)","SN.ITK.VITA.ZS","","","","","","","","","","","","","","","","","","","","","","","","","","","","","","","","","","","","","","","","","11","81","89","91","93","95","94","93","93","94","99","97","95","92","88","87","89","87","99","95","1","96","90","","",
"Uganda","UGA","Vitamin A supplementation coverage rate (% of children ages 6-59 months)","SN.ITK.VITA.ZS","","","","","","","","","","","","","","","","","","","","","","","","","","","","","","","","","","","","","","","","","0","0","31","","55","78","71","","67","64","46","60","70","65","66","","","27","33","24","31","38","55","","",
"Ukraine","UKR","Vitamin A supplementation coverage rate (% of children ages 6-59 months)","SN.ITK.VITA.ZS","","","","","","","","","","","","","","","","","","","","","","","","","","","","","","","","","","","","","","","","","","","","","","","","","","","","","","","","","","","","","","","","","",
"Upper middle income","UMC","Vitamin A supplementation coverage rate (% of children ages 6-59 months)","SN.ITK.VITA.ZS","","","","","","","","","","","","","","","","","","","","","","","","","","","","","","","","","","","","","","","","","","","","","","","","","","","","","","","","","","","","","","","","","",
"Uruguay","URY","Vitamin A supplementation coverage rate (% of children ages 6-59 months)","SN.ITK.VITA.ZS","","","","","","","","","","","","","","","","","","","","","","","","","","","","","","","","","","","","","","","","","","","","","","","","","","","","","","","","","","","","","","","","","",
"United States","USA","Vitamin A supplementation coverage rate (% of children ages 6-59 months)","SN.ITK.VITA.ZS","","","","","","","","","","","","","","","","","","","","","","","","","","","","","","","","","","","","","","","","","","","","","","","","","","","","","","","","","","","","","","","","","",
"Uzbekistan","UZB","Vitamin A supplementation coverage rate (% of children ages 6-59 months)","SN.ITK.VITA.ZS","","","","","","","","","","","","","","","","","","","","","","","","","","","","","","","","","","","","","","","","","","","","","","","","","","","","","","","","","","","","","","","","","",
"St. Vincent and the Grenadines","VCT","Vitamin A supplementation coverage rate (% of children ages 6-59 months)","SN.ITK.VITA.ZS","","","","","","","","","","","","","","","","","","","","","","","","","","","","","","","","","","","","","","","","","","","","","","","","","","","","","","","","","","","","","","","","","",
"Venezuela, RB","VEN","Vitamin A supplementation coverage rate (% of children ages 6-59 months)","SN.ITK.VITA.ZS","","","","","","","","","","","","","","","","","","","","","","","","","","","","","","","","","","","","","","","","","","","","","","","","","","","","","","","","","","","","","","","","","",
"British Virgin Islands","VGB","Vitamin A supplementation coverage rate (% of children ages 6-59 months)","SN.ITK.VITA.ZS","","","","","","","","","","","","","","","","","","","","","","","","","","","","","","","","","","","","","","","","","","","","","","","","","","","","","","","","","","","","","","","","","",
"Virgin Islands (U.S.)","VIR","Vitamin A supplementation coverage rate (% of children ages 6-59 months)","SN.ITK.VITA.ZS","","","","","","","","","","","","","","","","","","","","","","","","","","","","","","","","","","","","","","","","","","","","","","","","","","","","","","","","","","","","","","","","","",
"Viet Nam","VNM","Vitamin A supplementation coverage rate (% of children ages 6-59 months)","SN.ITK.VITA.ZS","","","","","","","","","","","","","","","","","","","","","","","","","","","","","","","","","","","","","","","","","","","","","","","","","","","","","","","","","","","","","","","","","",
"Vanuatu","VUT","Vitamin A supplementation coverage rate (% of children ages 6-59 months)","SN.ITK.VITA.ZS","","","","","","","","","","","","","","","","","","","","","","","","","","","","","","","","","","","","","","","","","","","","","","","","","","","","","","","","","","","","","","","","","",
"World","WLD","Vitamin A supplementation coverage rate (% of children ages 6-59 months)","SN.ITK.VITA.ZS","","","","","","","","","","","","","","","","","","","","","","","","","","","","","","","","","","","","","","","","","","","","","","","","","","","","","","","","","","","","","","","","","",
"Samoa","WSM","Vitamin A supplementation coverage rate (% of children ages 6-59 months)","SN.ITK.VITA.ZS","","","","","","","","","","","","","","","","","","","","","","","","","","","","","","","","","","","","","","","","","","","","","","","","","","","","","","","","","","","","","","","","","",
"Kosovo","XKX","Vitamin A supplementation coverage rate (% of children ages 6-59 months)","SN.ITK.VITA.ZS","","","","","","","","","","","","","","","","","","","","","","","","","","","","","","","","","","","","","","","","","","","","","","","","","","","","","","","","","","","","","","","","","",
"Yemen, Rep.","YEM","Vitamin A supplementation coverage rate (% of children ages 6-59 months)","SN.ITK.VITA.ZS","","","","","","","","","","","","","","","","","","","","","","","","","","","","","","","","","","","","","","","","","0","0","0","","","4","55","11","","11","12","9","11","87","7","8","81","","13","9","6","6","11","","",
"South Africa","ZAF","Vitamin A supplementation coverage rate (% of children ages 6-59 months)","SN.ITK.VITA.ZS","","","","","","","","","","","","","","","","","","","","","","","","","","","","","","","","","","","","","","","","","","","","","0","29","27","","39","","","44","","42","","","50","47","50","50","39","42","44","","",
"Zambia","ZMB","Vitamin A supplementation coverage rate (% of children ages 6-59 months)","SN.ITK.VITA.ZS","","","","","","","","","","","","","","","","","","","","","","","","","","","","","","","","","","","","","","","","","54","75","63","55","","66","71","95","96","91","92","72","","93","","","98","99","99","99","98","95","97","","",
"Zimbabwe","ZWE","Vitamin A supplementation coverage rate (% of children ages 6-59 months)","SN.ITK.VITA.ZS","","","","","","","","","","","","","","","","","","","","","","","","","","","","","","","","","","","","","","","","","0","0","0","19","20","81","67","83","0","77","49","47","61","34","32","45","35","43","40","44","29","16","68","","",
